INSERT INTO cliente (nombre_usuario, contrasena, nombre, apellido, correo, telefono)
 VALUES ('agcarpio', '_YmSY07Gb6', 'Alina', 'Carpio', 'alicarpio@hotmail.com', '0960774778'),
       ('alegoussas', '4m7pF8FpG!', 'Alexander', 'Goussas', 'alegoussas@gmail.com', '0986016201'),
       ('ruthcv', '3b0Gzob394', 'Ruth', 'Cueva', 'ruthcueva@outlook.com', '0957356756'),
       ('victorec', 'Gm06FY!x9c', 'Victor', 'Alvarado', 'victoralva@hotmail.com', '0950601804'),
       ('kevinramos', '2fwFdGD6F!', 'Kevin', 'Ramos', 'kevinramos01@hotmail.com', '0919984647'),
       ('shawnmendes', 'oAytdF_37h', 'Shawn', 'Mendes', 'shawnmendes10@gmail.com', '0989018581'),
       ('lilicollins15', 'GoGoYDx1!5', 'Lili', 'Collins', 'collinslili2@gmail.com', '0997890187'),
       ('fer1plaza', '9DS5oEc9lb', 'Fernanda', 'Plaza', 'ferplaza154@hotmail.com', '0967708771'),
       ('diegochiang', '5YGSytGGh5', 'Diego', 'Chiang', 'iamdicapo@gmail.com', '0924185276'),
       ('genesistorres3', 'FFdl-cycGp', 'Genesis', 'Torres', 'genesis4trres5@hotmail.com', '0999616736'),
       ('charlidamel', 'cyhSD18_xp', 'Charli', 'Damelio', 'charlidamelio11@hotmail.com', '0900422728'),
       ('carlotamadrigal', '6x9z-8p0Fm', 'Carlota', 'Madrigal', 'carlotamadrigal@gmail.com', '0943856371'),
       ('caradelevigne', 'dcAlS0GcY2', 'Cara', 'Delevigne', 'caradelevigne12@gmail.com', '0908647290'),
       ('dometrivino', 'dcAlS0GcY2', 'Domenica', 'Triviño', 'dom_triviño@hotmail.com', '0905954642'),
       ('lilicb', 'cyhSD18_xp', 'Lili', 'Barzola', 'lilibarzola@gmail.com', '0986520974'),
       ('domelipa', '6x9z-8p0Fm', 'Domenik', 'Rezendes', 'domelipa15@outlook.com', '0934989600'),
       ('tinistossel', 'zF!tbbSzAS', 'Martina', 'Stossel', 'martinastossel@gmail.com', '0920984306'),
       ('charlielopez', 'oAytdF_37h', 'Charlie', 'Lopez', 'charlielopez@gmail.com', '0965816451'),
       ('oscarmoises', 'toG474hl6b', 'Oscar', 'Moises', 'oscarmoises5@outlook.com', '0940039902'),
       ('bryanmindiola', 'zmxctp41F_', 'Bryan', 'Mindiola', 'bryanmindiola2@hotmail.com', '0967229954');

INSERT INTO sonido (id_sonido, descripcion, sonido)
VALUES (1, 'Birb', '\x0A219B'),
       (2, 'Chirp', '\x10D309'),
       (3, 'Nash', '\x456BCE'),
       (4, 'Gurp', '\x23EA58'),
       (5, 'Glug', '\x010783'),
       (6, 'Wow', '\x9FFF01'),
       (7, 'Plop', '\x089FFA'),
       (8, 'Pluck', '\x12ACFE'),
       (9, 'Grr', '\x01FFEC'),
       (10, 'Woof', '\x0012FF'),
       (11, 'Lol', '\x000000'),
       (12, 'Bong', '\x02492A'),
       (13, 'Hiss', '\xFFCCA1'),
       (14, 'Zap', '\xDEFECA'),
       (15, 'Pong', '\x1298EF'),
       (16, 'Ping', '\x012FBC'),
       (17, 'Boo', '\x000111'),
       (18, 'Fuu', '\x122134'),
       (19, 'Beep', '\x090123'),
       (20, 'Nuke', '\x012FEC');

INSERT INTO administrador (nombre_usuario, constrasena)
VALUES ('diOnsToR', '6r5rcH8eo'),
       ('DrakeV', '8Vo7aYP94'),
       ('admin1', 'ou_z62koe'),
       ('admin2', '!_NoCYIct'),
       ('admin3', 'IPd8cGPG_'),
       ('admin4', '32tAAAvYv'),
       ('admin5', 'ucuoLarVr'),
       ('admin6', 'Gt2t_8AHv'),
       ('admin7', '8PIPL--dc'),
       ('admin8', 'r3!92CbLz'),
       ('admin9', 'Yom_5rrPY'),
       ('admin10', 'Y0A!vrLta'),
       ('admin11', '78ozu5OPb'),
       ('admin12', 'CtOGYHGkv'),
       ('admin13', 'v8c3YI-Yv'),
       ('admin14', 'trYrc8evI'),
       ('admin15', 'takubGvt7'),
       ('admin16', '-cC-kLbuk'),
       ('admin17', 'z8CbC4PNd'),
       ('admin18', 'rm1tozACm'),
       ('admin19', 'm8H4bL-Lt'),
       ('admin20', 'PYrktm_bA'),
       ('admin21', 'c161H1-u3');

INSERT INTO recomendacion (id_recomendacion, id_admin, nombre, descripcion, categoria)
VALUES (1, 'diOnsToR', 'recomd1', 'No usar bicicleta para ir a Australia', 'tarea'),
       (2, 'DrakeV', 'recom2', 'Lavarse los dientes antes de dormir', 'calendario'),
       (3, 'admin1', 'recom3', 'No apostar los martes', 'finanzas'),
       (4, 'admin2', 'recom4', 'Salir con mascarilla', 'diasFestivos'),
       (5, 'admin3', 'recom5', 'Cumplir menos para no morir', 'cumpleaños'),
       (6, 'admin4', 'recom6', 'Tomar v220 para maxima energia', 'tarea'),
       (7, 'admin5', 'recom7', 'Planear con 3 años de antelacion', 'calendario'),
       (8, 'admin6', 'recom8', 'Haz mas amigos', 'amigos'),
       (9, 'admin7', 'recom9', 'Haz tus tareas temprano', 'tarea'),
       (10, 'admin8', 'recom10', 'Toma con moderacion', 'diasFestivos'),
       (11, 'admin9', 'recom11', 'Poner un limite de tiempo para cada actividad', 'proyectos'),
       (12, 'admin10', 'recom12', 'Pasar menos tiempo viendo television', 'hobbies'),
       (13, 'admin11', 'recom13', 'Esperar al cuarto menguante', 'brujeria'),
       (14, 'admin12', 'recom14', 'No te preocupes por tu mala nota la siguiente sera mejor', 'notas'),
       (15, 'admin13', 'recom15', 'Tomate un tiempo para descansar', 'trabajo'),
       (16, 'admin14', 'recom16', 'Deberia realizar por mas tiempo esta actividad', 'hobbies'),
       (17, 'admin15', 'recom17', 'Cambiate de carrera para no morir de hambre', 'arte'),
       (18, 'admin18', 'recom18', 'Tomar breaks entre horas', 'trabajo'),
       (19, 'admin19', 'recom19', 'Haz mas planes con tus amigos', 'amigos'),
       (20, 'admin20', 'recom20', 'Invierte en doge hoy, hazte millonario manana', 'finanzas'),
       (21, 'admin21', 'recom21', 'Dato: el arte proviene del latín ars, artis', 'arte');

INSERT INTO recomendacion_cliente (id_cliente, id_recomendacion, fecha)
VALUES ('agcarpio', 1, '1/18/2020'),
       ('alegoussas', 2, '5/15/2021'),
       ('ruthcv', 3, '9/17/2020'),
       ('victorec', 4, '4/22/2021'),
       ('kevinramos', 5, '12/10/2020'),
       ('shawnmendes', 6, '8/23/2021'),
       ('lilicollins15', 7, '6/24/2018'),
       ('fer1plaza', 8, '3/22/2021'),
       ('diegochiang', 9, '3/11/2020'),
       ('genesistorres3', 10, '4/24/2019'),
       ('charlidamel', 11, '10/12/2021'),
       ('carlotamadrigal', 12, '8/14/2021'),
       ('caradelevigne', 13, '4/25/2020'),
       ('dometrivino', 14, '4/8/2020'),
       ('lilicb', 15, '7/8/2021'),
       ('domelipa', 16, '3/26/2020'),
       ('tinistossel', 17, '5/28/2019'),
       ('charlielopez', 18, '4/30/2021'),
       ('oscarmoises', 19, '4/9/2020'),
       ('bryanmindiola', 20, '5/8/2021');

INSERT INTO tarea (id_tarea, id_cliente, id_admin, descripcion, fecha_inicio, fecha_fin, categoria)
VALUES (1, 'agcarpio', 'diOnsToR', 'Realizar tarea de trigonometria', '8/20/2021', '8/25/2021', 'matematicas'),
       (2, 'alegoussas', 'DrakeV', 'Pendiente experimento de destilacion', '5/8/2021', '7/8/2021', 'quimica'),
       (3, 'ruthcv', 'admin1', 'Leccion de derivadas', '8/15/2021', '8/16/2021', 'calculo'),
       (4, 'victorec', 'admin2', 'Programar un compilador en 30 segundos', '1/9/2021', '4/9/2021', 'poo'),
       (5, 'kevinramos', 'admin3', 'Video de manualidades pendiente', '8/30/2021', '8/31/2021', 'videos'),
       (6, 'shawnmendes', 'admin4', 'Proximo estreno de Treat you better', '10/11/2021', '11/13/2021', 'musica'),
       (7, 'lilicollins15', 'admin5', 'Subir video 10 tips para crecer', '6/12/2021', '9/12/2021', 'youtube'),
       (8, 'fer1plaza', 'admin7', 'Deber de present perfect continous', '11/8/2021', '12/8/2021', 'ingles'),
       (9, 'diegochiang', 'admin8', 'Proxima receta "Fritada"', '8/17/2021', '8/19/2021', 'gastronomia'),
       (10, 'genesistorres3', 'admin9', 'Lavar los platos', '8/23/2021', '8/25/2021', 'hogar'),
       (11, 'charlidamel', 'admin11', 'Crear una base de datos para farmacia', '11/25/2021', '11/24/2021', 'bases'),
       (12, 'carlotamadrigal', 'admin12', 'Comprar pastillas para las hemorroides', '2/8/2021', '3/8/2021', 'salud'),
       (13, 'caradelevigne', 'admin13', 'Hacer squats', '11/29/2021', '11/30/2021', 'ejercicio'),
       (14, 'dometrivino', 'admin14', 'Tomar singripal', '10/22/2021', '10/23/2021', 'medicina'),
       (15, 'lilicb', 'admin15', 'Acelerar los electrones estos', '8/21/2021', '8/24/2021', 'fisica'),
       (16, 'domelipa', 'admin16', 'Ir al super', '8/16/2021', '8/18/2021', 'comida'),
       (17, 'tinistossel', 'admin17', 'Alimentar al Nash :)', '9/19/2021', '9/20/2021', 'mascota'),
       (18, 'charlielopez', 'admin18', 'Invertir en dogecoin', '4/8/2021', '6/8/2021', 'finanzas'),
       (19, 'oscarmoises', 'admin19', 'Visitar al tio Hugo', '8/13/2021', '8/14/2021', 'familia'),
       (20, 'bryanmindiola', 'admin20', 'Bajar el jitomate del arbol', '8/28/2021', '8/30/2021', 'jitomate');

INSERT INTO recordatorios (id_recordatorio, id_tarea, id_cliente, id_sonido,
                         fecha_inicio, hora_inicio, fecha_fin, hora_fin)
VALUES (1, 1, 'agcarpio', 1, '12/1/2021', '16:00', '12/2/2021', '16:00'),
       (2, 2, 'alegoussas', 2, '8/3/2021', '17:00', '8/3/2021', '18:00'),
       (3, 3, 'ruthcv', 3, '9/6/2021', '18:00', '9/10/2021', '19:00'),
       (4, 4, 'victorec', 4, '5/5/2021', '14:00', '5/10/2021', '15:00'),
       (5, 5, 'kevinramos', 5, '6/4/2021', '13:30', '6/6/2021', '13:30'),
       (6, 6, 'shawnmendes', 6, '8/4/2021', '12:00', '8/4/2021', '14:00'),
       (7, 7, 'lilicollins15', 7, '9/3/2021', '10:00', '9/5/2021', '10:00'),
       (8, 8, 'fer1plaza', 8, '7/18/2021', '09:10', '7/20/2021', '10:00'),
       (9, 9, 'diegochiang', 9, '10/1/2021', '08:30', '10/5/2021', '9:00'),
       (10, 10, 'genesistorres3', 10, '10/4/2021', '10:15', '10/4/2021', '12:00'),
       (11, 11, 'charlidamel', 11, '9/4/2021', '15:00', '9/5/2021', '15:00'),
       (12, 12, 'caradelevigne', 12, '11/3/2021', '19:30', '11/8/2021', '20:00'),
       (13, 13, 'dometrivino', 13, '9/1/2021', '20:30', '9/2/2021', '21:00'),
       (14, 14, 'lilicb', 14, '9/4/2021', '03:15', '9/4/2021', '04:00'),
       (15, 15, 'domelipa', 15, '4/6/2021', '12:15', '4/6/2021', '13:00'),
       (16, 16, 'tinistossel', 16, '11/4/2021', '13:30', '11/4/2021', '15:00'),
       (17, 17, 'charlielopez', 17, '1/4/2021', '15:15', '1/5/2021', '17:00'),
       (18, 18, 'oscarmoises', 18, '7/10/2021', '17:30', '7/15/2021', '19:00'),
       (19, 19, 'bryanmindiola', 19, '3/22/2021', '13:15', '3/23/2021', '15:00'),
       (20, 20, 'carlotamadrigal', 20, '8/23/2021', '16:30', '8/24/2021', '19:00');